,0,1,2,3,4,5,6,7,8,9,10,11,12,13,14
F,0.6729695170342799,0.10242465856666681,0.869679811280334,0.4819142802715706,0.42784705900129477,0.6729695170342799,0.31006402334491134,-1.0762303377749793,0.17653263072038866,-1.7693775183349245,-0.06462942609649927,-1.7693775183349245,0.17653263072038866,-0.26530012155865057,0.24552550220734023
L,1.441466134836012,1.3033157963551947,1.4574664761824532,1.2263547552190666,1.0156337239034139,1.164479351500979,0.5914764827830968,-0.4884436728728602,0.5130048673416018,-1.299373889089189,0.2321024818751996,-1.7693775183349245,-0.04661092059382101,-0.5456020867128089,-0.4343764516025845
P,-0.7219845020698022,-0.5884531094452795,-1.5692823624570058,-0.8761351818970605,-1.058456738691015,-0.18298800133711518,0.6994011788613587,0.6279422148792136,0.6643098590500884,-1.058456738691015,-1.058456738691015,-0.2699993783267448,-1.2816002900052248,0.943023261519109,0.7660925533600308
M,-0.045574113865380676,0.31110083007335165,-0.8928719742525842,0.08795727875914192,0.20574031441552543,-0.19972479369263893,0.4064110098776767,0.08795727875914192,-0.6051899018008033,-1.2983370823607487,-0.6051899018008033,-1.2983370823607487,-0.8928719742525842,-1.991484262920694,-1.2983370823607487
T,-0.999062021272786,-0.5935969131646216,-0.3929262177024704,-0.08277128939863096,-0.15176416088558245,-0.5935969131646216,-0.018232768261059747,0.5413830196743629,0.15361748866559957,0.25370094722258213,-0.08277128939863096,-0.22587213303930423,-0.22587213303930423,-0.018232768261059747,0.4672750475206411
G,-0.9882764536467759,-0.5027686378650749,-0.7651329023325661,-0.2951292730868305,-1.1218078462712984,-0.669822722528241,-0.7651329023325661,0.4287895661398685,0.4287895661398685,0.3980179074731148,-0.23450465127039563,0.864107637397714,0.06777622060253793,-0.7651329023325661,-0.12327901616017127
I,0.0018684110600275439,0.5454838576490091,0.28955048351180834,-0.4906080740377666,-0.40359669704813694,-0.18045314573392712,0.4073335191681918,-0.6912787694999177,-0.40359669704813694,-0.40359669704813694,-1.2790654344020367,-2.888503346836137,-0.4906080740377666,-0.6912787694999177,-0.24944601722087859
A,0.4414909303649265,-0.22633844221072907,-0.17754827804129691,0.7097549169596057,0.7097549169596057,0.3332773457246937,0.5621189181535412,0.7669133307995544,0.17912666589743545,1.2777389545655449,0.11013379441048396,1.697910210063405,0.8554667281409994,-0.22633844221072907,-0.2776317365982795
E,-3.0169456699531882,-3.0169456699531882,-2.3237984893932433,-2.3237984893932433,-1.630651308833298,-2.3237984893932433,-1.0710355208978752,-0.5320390201651881,-0.7143605769591428,-1.9183333812850787,0.27889119605114066,-1.9183333812850787,0.07409678340512746,0.2411508680682936,-0.5320390201651881
S,-0.5215677202978928,-0.36741704047063456,-0.062035390919452635,-0.010742096531902182,0.2893624959184359,0.038048067637529964,-0.1732610260296771,0.6570872760437534,0.3947230115762622,0.42751283439925314,0.6570872760437534,0.6570872760437534,0.038048067637529964,0.5198861545302682,0.3257301400893107
W,0.40227021721164524,0.40227021721164524,0.17912666589743545,0.40227021721164524,0.17912666589743545,0.9900568821137642,0.40227021721164524,-1.2071676952224553,0.40227021721164524,-1.2071676952224553,0.7387424538328581,-1.2071676952224553,-0.5140205146625099,-0.5140205146625099,0.5845917740055998
C,1.0509656352007566,0.9639542582111269,0.9639542582111269,0.9639542582111269,1.3992723294689726,1.0509656352007566,0.6455005270925922,0.17549689784685663,0.9639542582111269,1.456430743308921,0.17549689784685663,1.0509656352007566,0.17549689784685663,0.5119691344680697,1.3992723294689726
N,-2.5130404890317717,-2.5130404890317717,-1.8198933084718263,-1.414428200363662,-1.8198933084718263,-0.7212810198037165,-0.9036025765976712,-0.5671303399764582,-2.5130404890317717,-1.1267461279118811,-0.028133839243771247,-1.414428200363662,-0.9036025765976712,-0.5671303399764582,-0.4335989473519357
V,0.39788103679288195,0.7925352287968306,0.3311896622942098,0.18276965717593643,0.2597306983120648,-0.04037389413827334,0.6014799920341214,-0.20289282363604827,0.09938804823688528,1.0910282173528272,-0.838881590356045,-3.0361061676922643,-0.4711568102307276,-0.32805596659005426,0.22199037032921776
H,-1.2384901663514964,-1.2384901663514964,-1.2384901663514964,-1.9316373469114418,-1.2384901663514964,-1.2384901663514964,-1.9316373469114418,0.014272802143871456,-0.8330250582433321,-1.9316373469114418,1.203856869017708,-1.9316373469114418,0.2655872304247777,-0.13987787768338672,0.014272802143871456
K,-2.1765682524105587,-2.869715432970504,-2.869715432970504,-2.869715432970504,-2.1765682524105587,-2.1765682524105587,-1.4834210718506136,-1.7711031443023943,-2.1765682524105587,-1.7711031443023943,-0.7902738912906683,-1.4834210718506136,-0.30476607550896734,0.2657787829586456,-0.9238052839151908
D,-2.116159124614999,-2.8093063051749443,-2.8093063051749443,-1.7106940165068345,-2.116159124614999,-1.7106940165068345,-2.116159124614999,-0.6120817278387248,-0.7298647634951081,-1.7106940165068345,-0.4114110323765735,-1.7106940165068345,0.18642596837904687,0.235216132548479,-0.24435694771340735
R,-2.822045330952374,-2.822045330952374,-1.723433042284264,-2.822045330952374,-1.723433042284264,-1.4357509698324833,-1.723433042284264,-0.6248207536161544,-1.4357509698324833,-2.1288981503924287,-0.42415005815400325,-1.2126074185182736,-0.257095973490837,0.011168013103842273,-0.3371386811643735
Q,-1.787349760739355,-1.0942025801794097,-1.787349760739355,-1.0942025801794097,-0.2832723639630809,-0.2832723639630809,-2.4804969412993003,-0.1779118483052546,-0.1779118483052546,-1.787349760739355,0.6549972746298495,-0.534586792243987,0.4098748165968644,0.5152353322546906,0.004409708488700092
Y,-2.183441131698321,-0.7971467705784302,-1.4902939511383755,-1.4902939511383755,-0.2375309826430075,0.01378344563789855,-0.3916816624702657,-1.084828843030211,-0.10399959001848484,-2.183441131698321,-0.3916816624702657,-1.4902939511383755,-0.10399959001848484,-0.2375309826430075,0.2144541411000498
X,0.003289473684210526,0.006578947368421052,0.003289473684210526,0.003289473684210526,0.006578947368421052,0.003289473684210526,0.006578947368421052,0.006578947368421052,0.003289473684210526,0.006578947368421052,0.006578947368421052,0.006578947368421052,0.003289473684210526,0.003289473684210526,0.003289473684210526
